track,source_file,url,line_number,context,category_guess,local_path,status,notes
hardware,hardware\initial-technical-spec.md,https://tinotec.en.made-in-china.com/product/uwoTbZAdMWhD/China-400gpd-RO-Water-Vending-Machine-Purified-Water-Purification-Vending-Machine.html,29,Ссылки на объявления: tinotec — https://tinotec.en.made-in-china.com/product/uwoTbZAdMWhD/China-400gpd-RO-Water-Vending-Machine-Purified-Water-Purification-Vending-Machine.html ; oulepu — https://oule,prices,hardware\prices\tinotec.en.made-in-china.com_3e3cd72d.html,downloaded,
hardware,hardware\initial-technical-spec.md,https://oulepu.en.made-in-china.com/product/iGQUrpzbTmko/China-400gpd-800gpd-Reverse-Osmosis-System-RO-Water-Vending-Machine-for-South-African.html,29,Ссылки на объявления: tinotec — https://tinotec.en.made-in-china.com/product/uwoTbZAdMWhD/China-400gpd-RO-Water-Vending-Machine-Purified-Water-Purification-Vending-Machine.html ; oulepu — https://oule,prices,hardware\prices\oulepu.en.made-in-china.com_efaae641.html,downloaded,
hardware,hardware\initial-technical-spec.md,https://jmpukui.en.made-in-china.com/product/TSzmfARvBxhJ/China-Water-Vending-Machine-to-Refill-Purified-Water-RO-300A-.html,29,Ссылки на объявления: tinotec — https://tinotec.en.made-in-china.com/product/uwoTbZAdMWhD/China-400gpd-RO-Water-Vending-Machine-Purified-Water-Purification-Vending-Machine.html ; oulepu — https://oule,prices,hardware\prices\jmpukui.en.made-in-china.com_de659c77.html,downloaded,
hardware,hardware\initial-technical-spec.md,https://ecosoft.com/product-ecosoft/vend-ka250robcdm-v3,29,Ссылки на объявления: tinotec — https://tinotec.en.made-in-china.com/product/uwoTbZAdMWhD/China-400gpd-RO-Water-Vending-Machine-Purified-Water-Purification-Vending-Machine.html ; oulepu — https://oule,web-archive,hardware\web-archive\ecosoft.com_22d4885d,downloaded,
hardware,hardware\initial-technical-spec.md,https://capitalvending.com/coinco-9302gx-board-standard-header-2-notch,29,Ссылки на объявления: tinotec — https://tinotec.en.made-in-china.com/product/uwoTbZAdMWhD/China-400gpd-RO-Water-Vending-Machine-Purified-Water-Purification-Vending-Machine.html ; oulepu — https://oule,documents,hardware\documents\capitalvending.com_1b62dfc9,downloaded,
hardware,hardware\initial-technical-spec.md,https://shop.nayax.com/usa_en/vending-bundle.html,29,Ссылки на объявления: tinotec — https://tinotec.en.made-in-china.com/product/uwoTbZAdMWhD/China-400gpd-RO-Water-Vending-Machine-Purified-Water-Purification-Vending-Machine.html ; oulepu — https://oule,web-archive,hardware\web-archive\shop.nayax.com_d603b95f.html,downloaded,
hardware,hardware\equipment-cost-estimate.md,https://kingfisherdirect.co.uk/30-litre-potable-water-tank,17,"| H2 | Буфер-бак 30 л, непрозрачный, пищевой (PE или нерж.), слив на дне | буфер (решение 0020) | 1/1/1/1 | объём 30 л (решение владельца 0020), светонепроницаемый, пищевой материал | не найдено | Отк",web-archive,hardware\web-archive\kingfisherdirect.co.uk_95a18f2c,downloaded,
hardware,hardware\equipment-cost-estimate.md,https://manelservice.com/en/uv-steriliser/18114-satepa-uv-steriliser-uvc40a-adaptor-with-plug-in-power-supply.html,19,"| H4 | УФ-стерилизатор 254 нм, 40 Вт, корпус нерж. сталь, на линии бак → насадка | обеззараживание (решение 0020) | 1/1/1/1 | проверенный кандидат SATEPA UVC40A (AISI 304, 40 Вт, лампа 9 000 ч, 90–240",web-archive,hardware\web-archive\manelservice.com_e8fc86c1.html,downloaded,
hardware,hardware\equipment-cost-estimate.md,https://tameson.com/products/276844-solenoid-valve-2-2-way-1-2-inch-stainless-steel-epdm-0-10bar-24vdc,21,"| H6 | Электромагнитный клапан розлива 24 В, пищевой, нерж./EPDM | розлив, блокировка | 1/1/1/1 | сертификат для питьевой воды; кандидат Bürkert 6213, G1/2, нерж., EPDM, 24 В DC | 390,45 USD без НДС (",web-archive,hardware\web-archive\tameson.com_7e08f12d,downloaded,
hardware,hardware\equipment-cost-estimate.md,https://ormix.lv/en/catalog/item/id/36697,36,"| E1 | Контроллер ESP32 (Dev Kit C) + реле-модули + клеммы | управление | 1/1/1/1 | ESP32; реле и клеммы — по схеме | 12,90 EUR за 1 шт. (ESP32), 11,50 от 3, 10,50 от 5; «Net Price», НДС на странице н",web-archive,hardware\web-archive\ormix.lv_ab6e9b79,downloaded,
hardware,hardware\equipment-cost-estimate.md,https://shop.nayax.com/vpos-touch.html,45,"| P1 | Безналичный терминал с MDB и телеметрией: Nayax VPOS Touch (SKU ST4G) | оплата (решение 0001) | 1/1/1/1 | MDB Level 1/3, 3G/4G/Ethernet/NFC, питание 12–42 В DC, 5 Вт (по странице) | 399 USD за ",web-archive,hardware\web-archive\shop.nayax.com_a0dcfc14.html,downloaded,
hardware,hardware\equipment-cost-estimate.md,https://industry-electronics.com/teltonika/products.htm?eintrag=48,53,"| T1 | GPS/GSM-трекер Teltonika FMB920 | позиция при краже | 1/1/1/1 | — | 28,46 EUR без НДС (Lieske, art. 530736, ≈4 раб. дня) | Открыта 2026-10-08: https://industry-electronics.com/teltonika/product",web-archive,hardware\web-archive\industry-electronics.com_d56be74c.htm,downloaded,
hardware,hardware\equipment-cost-estimate.md,https://www.ldlc.com/en/product/PB00583512.html,55,"| T3 | IP-камера 2 Мп, купол, уличная (класс Dahua IPC-HDBW1230DE-SW) | события и снимки (решение 0023) | 1/1/1/1 | IP67, IK10, PoE/12 В (по страницам) | 69,95 EUR (LDLC; НДС не указан; в наличии 1 шт",web-archive,hardware\web-archive\ldlc.com_3239b4a4.html,downloaded,
hardware,hardware\equipment-cost-estimate.md,https://shop.mdpcloud.com/net-camera-2mp-ir-dome-wifi-ipc-hdbw1230de-sw-0280b-dahua-1391443,55,"| T3 | IP-камера 2 Мп, купол, уличная (класс Dahua IPC-HDBW1230DE-SW) | события и снимки (решение 0023) | 1/1/1/1 | IP67, IK10, PoE/12 В (по страницам) | 69,95 EUR (LDLC; НДС не указан; в наличии 1 шт",web-archive,hardware\web-archive\shop.mdpcloud.com_d1424377,downloaded,
hardware,hardware\equipment-cost-estimate.md,https://www.olimex.com/Products/Modules/Sensors/MOD-MPU6050/,58,"| T6 | Акселерометр MPU-6050 (MOD-MPU6050) | наклон/вибрация (решение 0023) | 1/1/1/1 | — | 7,95 EUR (базовая цена), 7,55 от 10 шт., 7,16 от 50 шт.; НДС на странице не указан | Открыта 2026-10-08: htt",web-archive,hardware\web-archive\olimex.com_fa55dca8,downloaded,
hardware,hardware\equipment-cost-estimate.md,https://shop.nayax.com/vpos-touch.html,131,"| ПО терминала Nayax (Cashless, Operations & Inventory) | 8,91 (9,99 USD) | 1 046 | https://shop.nayax.com/vpos-touch.html (открыта 2026-10-08; НДС не указан) |",web-archive,hardware\web-archive\shop.nayax.com_a0dcfc14.html,downloaded,
hardware,hardware\equipment-cost-estimate.md,https://manelservice.com/en/uv-steriliser/18114-satepa-uv-steriliser-uvc40a-adaptor-with-plug-in-power-supply.html,153,"| УФ | SATEPA UVC40A (Manelservice, арт. 18114) | 40 Вт; AISI 304; 2800 л/ч при 30 000 мкВт·с/см², 2400 л/ч при 40 000 мкВт·с/см²; лампа 9 000 ч; 90–240 В | 370,00 EUR без НДС / 440,30 EUR с НДС 19% |",web-archive,hardware\web-archive\manelservice.com_e8fc86c1.html,downloaded,
hardware,hardware\equipment-cost-estimate.md,https://shop.nayax.com/vpos-touch.html,154,"| Терминал | Nayax VPOS Touch, SKU ST4G | MDB Level 1/3; 3G/4G/Ethernet/NFC; 12–42 В DC, 5 Вт; гарантия 1 год; ПО 9,99 USD/мес | 399 USD (1–4 шт.), 314 USD (5–14 шт.), 289 USD (15+ шт.) | https://shop",web-archive,hardware\web-archive\shop.nayax.com_a0dcfc14.html,downloaded,
hardware,hardware\equipment-cost-estimate.md,https://industry-electronics.com/teltonika/products.htm?eintrag=48,156,"| GPS | Teltonika FMB920 | — | 28,46 EUR без НДС | https://industry-electronics.com/teltonika/products.htm?eintrag=48 | — |",web-archive,hardware\web-archive\industry-electronics.com_d56be74c.htm,downloaded,
hardware,hardware\equipment-cost-estimate.md,https://tameson.com/products/276844-solenoid-valve-2-2-way-1-2-inch-stainless-steel-epdm-0-10bar-24vdc,157,"| Клапан | Bürkert 6213, G1/2, нерж., EPDM, 24 В DC | KTW-W270 питьевая вода | 390,45 USD без НДС | https://tameson.com/products/276844-solenoid-valve-2-2-way-1-2-inch-stainless-steel-epdm-0-10bar-24v",web-archive,hardware\web-archive\tameson.com_7e08f12d,downloaded,
hardware,hardware\equipment-cost-estimate.md,https://ormix.lv/en/catalog/item/id/36697,158,"| ESP32 | Dev Kit C | — | 12,90 EUR (1 шт.) | https://ormix.lv/en/catalog/item/id/36697 | НДС не указан |",web-archive,hardware\web-archive\ormix.lv_ab6e9b79,downloaded,
hardware,hardware\equipment-cost-estimate.md,https://www.olimex.com/Products/Modules/Sensors/MOD-MPU6050/,159,"| Акселерометр | MOD-MPU6050 | — | 7,95 EUR | https://www.olimex.com/Products/Modules/Sensors/MOD-MPU6050/ | НДС не указан |",web-archive,hardware\web-archive\olimex.com_fa55dca8,downloaded,
hardware,hardware\technical-documentation.md,https://manelservice.com/en/uv-steriliser/18114-satepa-uv-steriliser-uvc40a-adaptor-with-plug-in-power-supply.html,79,"- Потребление и баланс мощности: **не определены**. Из открытых страниц (2026-10-08) известны только: УФ-лампа 40 Вт (SATEPA UVC40A, https://manelservice.com/en/uv-steriliser/18114-satepa-uv-sterilise",web-archive,hardware\web-archive\manelservice.com_e8fc86c1.html,downloaded,
hardware,hardware\technical-documentation.md,https://shop.mdpcloud.com/net-camera-2mp-ir-dome-wifi-ipc-hdbw1230de-sw-0280b-dahua-1391443,79,"- Потребление и баланс мощности: **не определены**. Из открытых страниц (2026-10-08) известны только: УФ-лампа 40 Вт (SATEPA UVC40A, https://manelservice.com/en/uv-steriliser/18114-satepa-uv-sterilise",web-archive,hardware\web-archive\shop.mdpcloud.com_d1424377,downloaded,
hardware,hardware\technical-documentation.md,https://shop.nayax.com/vpos-touch.html,79,"- Потребление и баланс мощности: **не определены**. Из открытых страниц (2026-10-08) известны только: УФ-лампа 40 Вт (SATEPA UVC40A, https://manelservice.com/en/uv-steriliser/18114-satepa-uv-sterilise",web-archive,hardware\web-archive\shop.nayax.com_a0dcfc14.html,downloaded,
hardware,hardware\technical-documentation.md,https://shop.nayax.com/vpos-touch.html,106,| W5 MDB | терминал ↔ контроллер | кабель Nayax; артикул кабеля не найден (на странице https://shop.nayax.com/vpos-touch.html только SKU ST4G «Card Reader Set») | [уточнить: Nayax; Q9] |,web-archive,hardware\web-archive\shop.nayax.com_a0dcfc14.html,downloaded,
hardware,hardware\technical-documentation.md,https://www.021.rs/story/Info/Srbija/383361/Kamere-na-svakom-cosku-i-ugrozavanje-privatnosti-Kako-se-regulise-video-nadzor-u-Srbiji.html,210,"Камера направлена на аппарат и зону розлива; запись по событиям; маскирование посторонних зон; срок хранения: **не найден** (30 суток в решении 0023 — ориентир владельца, нормой не подтверждён). Стать",web-archive,hardware\web-archive\021.rs_7f67ad0f.html,downloaded,
hardware,hardware\surcin-candidate-sites.md,https://en.wikipedia.org/wiki/Sur%C4%8Din,5,"Контекст: перепись 2022 — город Сурчин 20 602 жителя, муниципалитет 45 452 [Википедия, вторичный, https://en.wikipedia.org/wiki/Sur%C4%8Din, открыта 2026-10-08]; населённых пунктов в муниципалитете 7;",web-archive,,failed,403 Client Error: Too many requests. Please respect our robot policy https://w.wiki/4wJS. (dd12474) for url: https://en.wikipedia.org/wiki/Sur%C4%8Din
hardware,hardware\surcin-candidate-sites.md,https://www.prelicinvest.com,11,"| 1 | Жилой-коммерческий комплекс в Novi Surčin — Ledine, застройщик Prelić Invest d.o.o. | https://www.prelicinvest.com (сайт застройщика, открыт 2026-10-08): адрес офиса Miodraga Petrovića Čkalje 4,",web-archive,hardware\web-archive\prelicinvest.com_b43d4506,downloaded,
hardware,hardware\surcin-candidate-sites.md,https://biznis.kurir.rs/info-biz/10009262/beograd-gradi-novu-modernu-pijacu-investicija-vredna-411-miliona-dinara,17,"| 2 | Новая рыночная площадь Сурчина | Белград, Сурчин; уличный адрес в статье не указан; участок >6 300 м²; центральное здание 2 025 м² в первой очереди; во второй очереди открытая зона на 50 прилавк",web-archive,hardware\web-archive\biznis.kurir.rs_df8de7b8,downloaded,
hardware,hardware\surcin-candidate-sites.md,https://www.b92.net/lokal/beograd/drustvo/197078/vise-od-500000-novih-kvadrata-menja-ovaj-deo-beograda-gradi-se-2700-stanova-skole/vest,18,"| 3 | План детальной регуляции центра Сурчина | ≈63 га; квартир 2 705 (сейчас 881); жителей ≈7 300 (сейчас ≈2 378); между улицами Trg Zorana Đinđića, Braće Puhalović, Barska, Vrtlarska; ранний публичн",web-archive,hardware\web-archive\b92.net_87781663,downloaded,
hardware,hardware\surcin-candidate-sites.md,https://biznis.rs/vesti/srbija/surcin-dobija-satelitsko-naselje-singidunum-sa-gotovo-5-000-stanova/,19,| 4 | Сателитское поселение «Singidunum» | ≈600 га; 4 687 квартир по тексту (заголовок: «почти 5 000»); ранний публичный обзор до 18.08.2025; планы секторов 1 и 5 приняты в 2016 | https://biznis.rs/ve,web-archive,hardware\web-archive\biznis.rs_90b4e61b,downloaded,
hardware,hardware\surcin-candidate-sites.md,https://www.kurir.rs/vesti/beograd/1672901/dobanovci-novi-senjak-nice-elitno-naselje-sa-luksuznim-vilama-i-bazenima,20,"| 5 | Добановци: проект плана генеральной регуляции | ≈15 000 жителей; культурный центр, парки, зелёный рынок, пешеходная площадь; статья от 02.02.2015, обновлена 01.10.2017; это проект. «Novi Senjak»",web-archive,hardware\web-archive\kurir.rs_68173a67,downloaded,
hardware,hardware\tank-and-heating.md,https://kingfisherdirect.co.uk/30-litre-potable-water-tank,29,"- Непрозрачные баки: на открытой странице https://kingfisherdirect.co.uk/30-litre-potable-water-tank (2026-10-08) 30-литровый бак имеет единственный цвет Natural Translucent, то есть для решения 0020 ",web-archive,hardware\web-archive\kingfisherdirect.co.uk_95a18f2c,downloaded,
hardware,hardware\tank-and-heating.md,https://manelservice.com/en/uv-steriliser/18114-satepa-uv-steriliser-uvc40a-adaptor-with-plug-in-power-supply.html,48,"2. УФ-стерилизатор на линии бак → насадка. Проверка по паспорту SATEPA UVC40A (страница открыта 2026-10-08, https://manelservice.com/en/uv-steriliser/18114-satepa-uv-steriliser-uvc40a-adaptor-with-plu",web-archive,hardware\web-archive\manelservice.com_e8fc86c1.html,downloaded,
hardware,hardware\tank-and-heating.md,https://n1info.rs/biznis/kako-da-znam-kad-je-jeftina-struja/,84,"Тариф: «зелёная» зона EPS, дневной 9,6136 RSD/кВт·ч (единый 8,4119; ночной 2,4034), «синяя» дневной 14,4203 [web, вторичный источник, открыта 2026-10-08] https://n1info.rs/biznis/kako-da-znam-kad-je-j",web-archive,hardware\web-archive\n1info.rs_af0006b2,downloaded,
hardware,hardware\telemetry.md,https://www.021.rs/story/Info/Srbija/383361/Kamere-na-svakom-cosku-i-ugrozavanje-privatnosti-Kako-se-regulise-video-nadzor-u-Srbiji.html,74,"- Статья 021.rs (https://www.021.rs/story/Info/Srbija/383361/Kamere-na-svakom-cosku-i-ugrozavanje-privatnosti-Kako-se-regulise-video-nadzor-u-Srbiji.html, проверена 2026-10-08) подтверждает только: де",web-archive,hardware\web-archive\021.rs_7f67ad0f.html,downloaded,
hardware,hardware\telemetry.md,https://shop.nayax.com/vpos-touch.html,87,"| Nayax Cashless/Operations | 8,91 (9,99 USD × 104,7068 / 117,4601) | https://shop.nayax.com/vpos-touch.html, открыта 2026-10-08, НДС не указан |",web-archive,hardware\web-archive\shop.nayax.com_a0dcfc14.html,downloaded,
economics,economics\pricing.md,https://zrenjaninski.com/grad/postavljen-prvi-javni-vodomat-u-gradu-litar-vode-kosta-pet-dinara/,13,"| Публичный водомат в Зренянине, оператор Vodomati Vessa (Белград), 11.02.2022 | 5 RSD/л | 5 | https://zrenjaninski.com/grad/postavljen-prvi-javni-vodomat-u-gradu-litar-vode-kosta-pet-dinara/ (открыто",web-archive,economics\web-archive\zrenjaninski.com_c0be8b73,downloaded,
economics,economics\pricing.md,https://www.aparatizavodu.rs/,14,"| Доставка бутылей 18,9 л (Сербия, 2022) | 41,8–57,7 RSD/л | 41,8–57,7 | факт 0009 [repo], источник в факте: https://www.aparatizavodu.rs/ |",web-archive,economics\web-archive\aparatizavodu.rs_dd6752e4,downloaded,
economics,economics\pricing.md,https://www.balarm.it/news/naturale-costa-5-cent-frizzante-7-corleone-e-green-con-una-casetta-dell-acqua-potabile-111897,15,"| «Casetta dell'acqua» в Корлеоне (Сицилия), статья от 30.10.2019: негазированная 0,05 EUR/л, газированная 0,07 EUR/л | 0,05 EUR/л | 6 (0,05 × 117,4601 = 5,87) | https://www.balarm.it/news/naturale-co",prices,economics\prices\balarm.it_2aa9fd97,downloaded,
economics,economics\pricing.md,https://www.tportal.hr/biznis/clanak/pogledajte-gdje-u-pakracu-idu-po-vodu-20170313,16,"| Водомат в Пакраце (Хорватия), статья 20.03.2017: обычная вода 1 kuna/л | 1 HRK/л | не пересчитано (курса HRK в `fx.py` нет) | https://www.tportal.hr/biznis/clanak/pogledajte-gdje-u-pakracu-idu-po-vo",web-archive,economics\web-archive\tportal.hr_18dfd680,downloaded,
economics,economics\pricing.md,https://www.beograduzivo.rs/info/poskupljuje-i-voda-evo-od-kog-datuma-i-za-koliko/,24,"- Вода: тариф BVK для категории «прочие потребители» 158,09 RSD/м³ с НДС, с 1.01.2026 (вторичный источник, https://www.beograduzivo.rs/info/poskupljuje-i-voda-evo-od-kog-datuma-i-za-koliko/) = 0,15809",web-archive,economics\web-archive\beograduzivo.rs_8f518c21,downloaded,
economics,economics\pricing.md,https://zuniclaw.com/pdv-registracija-u-srbiji,43,"- Порог обязательной регистрации плательщиком НДС — 8 000 000 RSD за любые 12 месяцев подряд, добровольная регистрация возможна, выйти в течение 2 лет нельзя (https://zuniclaw.com/pdv-registracija-u-s",web-archive,economics\web-archive\zuniclaw.com_d595c39f,downloaded,
economics,economics\inventory-model.md,https://shop.nayax.com/vpos-touch.html,26,"| Платёжный модуль | не найдено | не найдено | не найдено | не найдено | да | найден листинг Nayax VPOS Touch 399 USD (https://shop.nayax.com/vpos-touch.html, версия для США, 5–14 шт. 314 USD, 15–19 ш",web-archive,economics\web-archive\shop.nayax.com_a0dcfc14.html,downloaded,
economics,economics\ready-made-options-landed-cost.md,https://gofreight.com/glossary/cargo-insurance:,14,"| Страховка | ставка × 1,1 × (Цена + Упаковка + Фрахт); ставка 0.3%–0.5% | K1 общий источник (https://gofreight.com/glossary/cargo-insurance: «for general ocean FCL, policies written on CIF value plus",prices,,failed,404 Client Error: Not Found for url: https://gofreight.com/glossary/cargo-insurance:
economics,economics\ready-made-options-landed-cost.md,https://mydhl.express.dhl/rs/sr/ship/customs-services.html,16,"| Брокер | не найдено для морского/ж/д груза; DHL Сербия: 5 265 RSD (≈45 EUR) за импортное оформление в обычном порядке для юрлиц, до 5 наименований (+600 RSD за каждое следующее), НДС в цене не указа",web-archive,economics\web-archive\mydhl.express.dhl_23eb81a7.html,downloaded,
economics,economics\ready-made-options-landed-cost.md,https://tinotec.en.made-in-china.com/product/uwoTbZAdMWhD/China-400gpd-RO-Water-Vending-Machine-Purified-Water-Purification-Vending-Machine.html,27,| [Anhui Tino (made-in-china)  400 GPD  8 ступеней](https://tinotec.en.made-in-china.com/product/uwoTbZAdMWhD/China-400gpd-RO-Water-Vending-Machine-Purified-Water-Purification-Vending-Machine.html) | ,prices,economics\prices\tinotec.en.made-in-china.com_3e3cd72d.html,downloaded,
economics,economics\ready-made-options-landed-cost.md,https://oulepu.en.made-in-china.com/product/iGQUrpzbTmko/China-400gpd-800gpd-Reverse-Osmosis-System-RO-Water-Vending-Machine-for-South-African.html,28,| [Shenzhen/Oulepu (made-in-china)  400–1200 GPD  11 узлов](https://oulepu.en.made-in-china.com/product/iGQUrpzbTmko/China-400gpd-800gpd-Reverse-Osmosis-System-RO-Water-Vending-Machine-for-South-Afric,prices,economics\prices\oulepu.en.made-in-china.com_efaae641.html,downloaded,
economics,economics\ready-made-options-landed-cost.md,https://jmpukui.en.made-in-china.com/product/TSzmfARvBxhJ/China-Water-Vending-Machine-to-Refill-Purified-Water-RO-300A-.html,29,"| Jiangmen Pukui (RO-300A): цена «договорная» (https://jmpukui.en.made-in-china.com/product/TSzmfARvBxhJ/China-Water-Vending-Machine-to-Refill-Purified-Water-RO-300A-.html, по записи в docs/cost-estim",prices,economics\prices\jmpukui.en.made-in-china.com_de659c77.html,downloaded,
economics,economics\ready-made-options-landed-cost.md,https://www.ecosoft.com/en-gb/product/424,31,"Ecosoft AQUABOX 150 A (150 л/ч, ЕС/UK): £5 558.33 без НДС / £6 670.00 с НДС, нет в наличии (кнопка «request availability»), страна доставки для этого товара на странице не указана [https://www.ecosoft",correspondence,economics\correspondence\ecosoft.com_d1331fa2,downloaded,
economics,economics\ready-made-options-landed-cost.md,https://goodhopefreight.com/,37,Страницы одного сайта: https://goodhopefreight.com/ + путь из первой колонки.,prices,economics\prices\goodhopefreight.com_b81a525d,downloaded,
economics,economics\ready-made-options-landed-cost.md,https://biznis.rs/preduzetnik/porezi/sta-se-sve-moze-uneti-u-srbiju-bez-carine/,83,| Режим по стоимости | до 100 EUR для путешественника — без пошлины и НДС; свыше 100 и до 3 000 EUR — упрощённый порядок; свыше 3 000 EUR — обычный порядок | https://biznis.rs/preduzetnik/porezi/sta-s,web-archive,economics\web-archive\biznis.rs_97b244c3,downloaded,
economics,economics\ready-made-options-landed-cost.md,https://n1info.rs/english/news/serbia-china-free-trade-agreement-takes-effect/,85,"| Преференции | EUR.1 или заявление экспортёра на счёте (ЕС, CEFTA, EFTA): пошлина может быть освобождена, НДС остаётся. FTA Китай–Сербия действует с 01.07.2024: ≈60% позиций беспошлинно сразу, ≈30% з",web-archive,economics\web-archive\n1info.rs_33d8af99,downloaded,
economics,economics\ready-made-options-landed-cost.md,https://www.pravniportal.com/tretman-troskova-prevoza-prilikom-carinjenja-posebno-sopstvenim-prevozom/,86,"| Таможенная стоимость | цена по счёту, расходы на перевозку до границы входят; перевозка внутри Сербии при раздельном указании может быть исключена | пересказ ст. 47 Закона о таможне, https://www.pra",web-archive,economics\web-archive\pravniportal.com_916ef2f9,downloaded,
economics,economics\ready-made-options-landed-cost.md,https://www.tariffnumber.com/2026/84212100,87,"| Код тарифа | не определён. Кандидаты: 8421 21 (оборудование для фильтрации и очистки воды), 8476 21/29 (автоматы для продажи напитков). Ставка Сербии для обоих не найдена; записи tariffnumber.com «S",web-archive,economics\web-archive\tariffnumber.com_5952a17d,downloaded,
economics,economics\ready-made-options-landed-cost.md,https://www.tariffnumber.com/2026/84762100,87,"| Код тарифа | не определён. Кандидаты: 8421 21 (оборудование для фильтрации и очистки воды), 8476 21/29 (автоматы для продажи напитков). Ставка Сербии для обоих не найдена; записи tariffnumber.com «S",web-archive,economics\web-archive\tariffnumber.com_ebd70842,downloaded,
economics,economics\ready-made-options-landed-cost.md,https://zuniclaw.com/pdv-registracija-u-srbiji,88,"| НДС | порог обязательной регистрации 8 000 000 RSD за любые 12 месяцев подряд; добровольная регистрация возможна (EPPDV, ePorezi); выйти в течение 2 лет нельзя; ввозной НДС возвращается только плате",web-archive,economics\web-archive\zuniclaw.com_d595c39f,downloaded,
economics,economics\financial-model.md,https://www.beograduzivo.rs/info/poskupljuje-i-voda-evo-od-kog-datuma-i-za-koliko/,10,"| Тариф BVK, «прочие потребители», с 1.01.2026, с НДС | вода 158.09 RSD/м³; водоотведение 85.07; pogonska spremnost 209.96 (единица начисления в источнике не указана) | K1, вторичный источник (переска",web-archive,economics\web-archive\beograduzivo.rs_8f518c21,downloaded,
economics,economics\in-house-assembly.md,https://shop.nayax.com/vpos-touch.html,12,"| Платёжный модуль | Nayax (shop.nayax.com) | 399 USD, 5–14 шт. 314 USD, 15–19 шт. 289 USD, +9,99 USD/мес (версия для США) | 1 | не найдено | https://shop.nayax.com/vpos-touch.html ; европейская верси",web-archive,economics\web-archive\shop.nayax.com_a0dcfc14.html,downloaded,
economics,economics\in-house-assembly.md,https://smartbuy.alibaba.com/buyingguides/membranes-bw30-4040,14,"| Мембрана, насос, УФ, фильтры | европейские дистрибьюторы, производитель RO-блока | не найдено (EC-25); мембрана 4040 по Alibaba-гиду 180–500 USD — другой класс (https://smartbuy.alibaba.com/buyinggu",prices,economics\prices\smartbuy.alibaba.com_f6c2f80e,downloaded,
economics,economics\in-house-assembly.md,https://mydhl.express.dhl/rs/sr/ship/customs-services.html,30,"| DHL Сербия, импортное оформление | 5 265 RSD за отправление для юрлиц, до 5 наименований, +600 RSD за каждое следующее; НДС не указан; для физлиц на 50% меньше | https://mydhl.express.dhl/rs/sr/ship",web-archive,economics\web-archive\mydhl.express.dhl_23eb81a7.html,downloaded,
economics,economics\in-house-assembly.md,https://n1info.rs/biznis/aliexpress-paketi-srbija-novi-troskovi/,31,"| Почта Сербии / посылки | пошлина 10% при стоимости посылки свыше 50 EUR, НДС 20% (N1, 15.03.2026, со ссылкой на RATEL); Pošta Srbije: 150 RSD декларация, 200/400 RSD осмотр | https://n1info.rs/bizni",web-archive,economics\web-archive\n1info.rs_e9053034,downloaded,
economics,economics\in-house-assembly.md,https://smartbuy.alibaba.com/buyingguides/water-atm-vending-machine,40,"| Срок | 12 мес на аппарат (минимум, `pilot-launch-guide.md` §3.1 [repo]); 24 мес на насос и мембрану — Alibaba-гид называет «минимум два года на ключевые компоненты» стандартом (https://smartbuy.alib",prices,economics\prices\smartbuy.alibaba.com_075e3655,downloaded,
economics,economics\in-house-assembly.md,https://www.atop.com.tw/posts/en/warranty_policy/,41,"| Доставка при замене | условия других производителей (Atop: возмещение отправки к Atop в первые 3 месяца при номере RMA, https://www.atop.com.tw/posts/en/warranty_policy/) — пример практики, не услов",web-archive,economics\web-archive\atop.com.tw_0d8e47e8,downloaded,
economics,economics\in-house-assembly.md,https://qualityinspection.org/inspection-china-cost/,55,"1. До отгрузки: фото/видео проверки; для партии — инспекция третьей стороной (цена найдена: qualityinspection.org — 299 USD за человеко-день, https://qualityinspection.org/inspection-china-cost/ ; qca",prices,economics\prices\qualityinspection.org_cae37cb6,downloaded,
economics,economics\in-house-assembly.md,https://www.qcadvisor.com/faq/pricing-and-costs/,55,"1. До отгрузки: фото/видео проверки; для партии — инспекция третьей стороной (цена найдена: qualityinspection.org — 299 USD за человеко-день, https://qualityinspection.org/inspection-china-cost/ ; qca",prices,economics\prices\qcadvisor.com_729cfd98,downloaded,
economics,economics\depreciation-theft-stock.md,https://kpmg.com/rs/sr/analize-i-istrazivanja/poreske-vesti/2018/12/usvojene-su-izmene-i-dopune-zakona-o-porezu-na-dobit-pravnih-lica.html,17,"- Статья KPMG от декабря 2018 (вторичный, открыта): пять групп 2,5% / 10% / 15% / 20% / 30% (I–V), амортизация по каждому активу пропорциональным методом от стоимости приобретения; если налоговая сумм",documents,economics\documents\kpmg.com_11377775.html,downloaded,
economics,economics\depreciation-theft-stock.md,https://biznis.rs/novac/sta-sve-pokriva-osiguranje-imovine-po-ceni-od-15-dinara-dnevno/,28,"- Найдено: базовый полис на жильё в Сербии — около 100 RSD за м² в год, покрывает пожар, град, бурю, затопление, кражу со взломом и разбой (https://biznis.rs/novac/sta-sve-pokriva-osiguranje-imovine-p",web-archive,economics\web-archive\biznis.rs_6ce90ff7,downloaded,
certification,certification\master-certification.md,https://www.paragraf.rs/propisi/pravilnik_o_nacinu_ispitivanja_tipa_merila_za_pojedine_vrste_merila.html,6,"Ограничение: единый документ «мастер-сертификат» органа **в просмотренных источниках не найден** (это не утверждение, что его нет в сербском праве; подтвердить письмами органам, CE-15…CE-16). Найденны",documents,certification\documents\paragraf.rs_94727b6d.html,downloaded,
certification,certification\master-certification.md,https://www.ratel.rs/sr/radio-oprema,6,"Ограничение: единый документ «мастер-сертификат» органа **в просмотренных источниках не найден** (это не утверждение, что его нет в сербском праве; подтвердить письмами органам, CE-15…CE-16). Найденны",documents,certification\documents\ratel.rs_f8489920,downloaded,
certification,certification\buy-vs-make.md,https://tehnis.privreda.gov.rs/sw4i/download/files/article/LAW%20ON%20TECHNICAL%20REQ.%20FOR%20PRODUCTS%20may%202021.pdf?id=37,8,"- **Производим** — собираем стандартную конфигурацию (условное имя STD-1; состав задаёт дорожка hardware, `docs/hardware/machine-configurations.md` в этой ветке отсутствует — ожидает дорожку hardware)",documents,certification\documents\tehnis.privreda.gov.rs_009ce43e.pdf,downloaded,
certification,certification\costs-and-timeline.md,https://biznis.rs/vesti/srbija/apr-ima-nove-cene-registracija-osnivanje-firme-8-000-dinara-promena-podataka-4-000-dinara/,18,"| Регистрация d.o.o. | APR | 8 000 RSD = 68 EUR (8 000 / 117,4601 = 68,11); с 01.01.2026 [web, вторичный: https://biznis.rs/vesti/srbija/apr-ima-nove-cene-registracija-osnivanje-firme-8-000-dinara-pro",web-archive,certification\web-archive\biznis.rs_df41a64b,downloaded,
certification,certification\requirements-map.md,https://sanitarnaapv.vojvodina.gov.rs/6-7-pravilnik-o-higijenskoj-ispravnosti-vode-za-pice,15,"| Гигиеническая исправность питьевой воды: Pravilnik o higijenskoj ispravnosti vode za piće (Sl. list SRJ 42/98, 44/99 — по странице Воеводины, вторичный источник; изменения 2019 года — повышены преде",documents,certification\documents\sanitarnaapv.vojvodina.gov.rs_d04e7e47,downloaded,
certification,certification\requirements-map.md,https://balkangreenenergynews.com/rs/novim-pravilnikom-o-higijenskoj-ispravnosti-vode-za-pice-povecane-dozvoljene-kolicine-amonijaka-bora-hlorida-i-natrijuma/,15,"| Гигиеническая исправность питьевой воды: Pravilnik o higijenskoj ispravnosti vode za piće (Sl. list SRJ 42/98, 44/99 — по странице Воеводины, вторичный источник; изменения 2019 года — повышены преде",documents,certification\documents\balkangreenenergynews.com_ea8501ef,downloaded,
certification,certification\requirements-map.md,https://n1info.rs/vesti/neispravna-voda-na-cesmama-beograd/,16,| Лаборатория: протоколы должны быть от аккредитованной лаборатории (SRPS ISO/IEC 17025). Аккредитация Gradski zavod za javno zdravlje Beograd в аудите не подтверждена (по аудиту отбора проб подтвержд,web-archive,certification\web-archive\n1info.rs_f179d125,downloaded,
certification,certification\requirements-map.md,https://enauka.gov.rs/handle/123456789/154669?locale=en,16,| Лаборатория: протоколы должны быть от аккредитованной лаборатории (SRPS ISO/IEC 17025). Аккредитация Gradski zavod za javno zdravlje Beograd в аудите не подтверждена (по аудиту отбора проб подтвержд,documents,certification\documents\enauka.gov.rs_f3a7ff49,downloaded,
certification,certification\requirements-map.md,https://euinfo.rs/plac3/en/news/draft-of-the-new-law-on-drinking-water,17,| Новый закон о питьевой воде (по Директиве ЕС 2020/2184) | Ministarstvo zdravlja | Проект и правилник «o bezbednosti vode za piće» подготовлены при поддержке PLAC III; принятие **не подтверждено** | ,web-archive,,failed,404 Client Error: Not Found for url: https://euinfo.rs/plac3/en/news/draft-of-the-new-law-on-drinking-water
certification,certification\requirements-map.md,https://faolex.fao.org/docs/pdf/srb142378.pdf,18,"| Регистрация/одобрение аппарата выдачи воды, санитарное решение объекта | Санитарная инспекция (Ministarstvo zdravlja; по Zakon o sanitarnom nadzoru, «125/2004» — номер по вторичному источнику, текст",web-archive,certification\web-archive\faolex.fao.org_3561bfa4.pdf,downloaded,
certification,certification\requirements-map.md,https://sanitarnaapv.vojvodina.gov.rs/1-2-primena-zakona-o-sanitarnom-nadzoru,18,"| Регистрация/одобрение аппарата выдачи воды, санитарное решение объекта | Санитарная инспекция (Ministarstvo zdravlja; по Zakon o sanitarnom nadzoru, «125/2004» — номер по вторичному источнику, текст",documents,certification\documents\sanitarnaapv.vojvodina.gov.rs_76a838f9,downloaded,
certification,certification\requirements-map.md,https://www.paragraf.rs/propisi_download/zakon-o-predmetima-opste-upotrebe.pdf,25,"| Zakon o predmetima opšte upotrebe (Sl. glasnik RS 25/2019 и 14/2022 — подтверждено на paragraf.rs, других изменений страница не показывает): предметы общего пользования; ст. 4(1) охватывает «materij",documents,certification\documents\paragraf.rs_382657d0.pdf,downloaded,
certification,certification\requirements-map.md,https://www.paragraf.rs/propisi/pravilnik-o-materijalima-i-predmetima-u-kontaktu-sa-hranom-odojcad-i-deca.html,26,"| Pravilnik o materijalima i predmetima u kontaktu sa hranom (в полном заголовке также продукты для младенцев и детей до трёх лет, упаковка пищи и предметов общего пользования; Sl. glasnik RS 73/2026 ",documents,certification\documents\paragraf.rs_dfc63830.html,downloaded,
certification,certification\requirements-map.md,https://cetecomadvanced.com/en/news/serbia-amendments-on-the-rulebook-of-emc-and-lvd/,33,"| LVD: Pravilnik o električnoj opremi namenjenoj za upotrebu u okviru određenih naponskih granica | Ministarstvo privrede (технические регламенты, портал TEHNIS); надзор — tržišna inspekcija | Деклара",web-archive,certification\web-archive\cetecomadvanced.com_5504ae7c,downloaded,
certification,certification\requirements-map.md,https://www.ratel.rs/sr/radio-oprema,35,"| Радио (GSM/LTE, NFC, Wi-Fi, GPS): Pravilnik o radio opremi, Sl. glasnik RS 24/2024 (от 22.03.2024) | RATEL (надзор); оценку соответствия ведут назначенные органы: RATEL сам с 01.01.2025 оценку не вы",documents,certification\documents\ratel.rs_f8489920,downloaded,
certification,certification\requirements-map.md,https://ratel.rs/sr/blog-posts-view-all/ratel-od-1-januara-2025-godine-prestaje-da-obavlja-poslove-ocenjivanja-usaglasenosti-radio-opreme,35,"| Радио (GSM/LTE, NFC, Wi-Fi, GPS): Pravilnik o radio opremi, Sl. glasnik RS 24/2024 (от 22.03.2024) | RATEL (надзор); оценку соответствия ведут назначенные органы: RATEL сам с 01.01.2025 оценку не вы",documents,certification\documents\ratel.rs_883eb408,downloaded,
certification,certification\requirements-map.md,https://5mglobal.com/serbia-introduces-new-radio-equipment-regulations-transition-to-ce-marking-serbia/,35,"| Радио (GSM/LTE, NFC, Wi-Fi, GPS): Pravilnik o radio opremi, Sl. glasnik RS 24/2024 (от 22.03.2024) | RATEL (надзор); оценку соответствия ведут назначенные органы: RATEL сам с 01.01.2025 оценку не вы",documents,certification\documents\5mglobal.com_bc1296d6,downloaded,
certification,certification\requirements-map.md,https://tehnis.privreda.gov.rs/en/Technical-Regulations/SerbianMarkOfConformity.html,36,"| Знак соответствия: сербский знак ставит производитель/представитель/импортёр, только если это предписывает регламент; не покупается у органа оценки | Ministarstvo privrede | — | Производитель/импорт",documents,certification\documents\tehnis.privreda.gov.rs_9277351d.html,downloaded,
certification,certification\requirements-map.md,https://tehnis.privreda.gov.rs/sw4i/download/files/article/LAW%20ON%20TECHNICAL%20REQ.%20FOR%20PRODUCTS%20may%202021.pdf?id=37,37,"| Общая рамка: Zakon o tehničkim zahtevima za proizvode i ocenjivanju usaglašenosti (ZOTZ — английский перевод на tehnis.privreda.gov.rs открыт; номер действующей редакции в переводе не указан, закон ",documents,certification\documents\tehnis.privreda.gov.rs_009ce43e.pdf,downloaded,
certification,certification\requirements-map.md,https://www.paragraf.rs/propisi/pravilnik-o-vrstama-merila-koja-podlezu-zakonskoj-kontroli.html,44,"| Pravilnik o vrstama merila koja podležu zakonskoj kontroli (Sl. glasnik RS 37/2021, 84/2022): строка 10 — водомеры, интервал 5 лет; строка 9 — непрерывные измерительные системы для жидкостей кроме в",documents,certification\documents\paragraf.rs_58908a5b.html,downloaded,
certification,certification\requirements-map.md,https://unija.com/sr/zakon-o-fiskalizaciji-drugi-deo/,51,"| Zakon o fiskalizaciji (Sl. glasnik RS 153/2020; изменения 96/2021, 138/2022, 80/2026). Начало применения: по вторичному источнику unija.com — с 01.11.2021 с переходным периодом до 30.04.2022 (Zakon ",documents,certification\documents\unija.com_385d2230,downloaded,
certification,certification\requirements-map.md,https://www.fiscal-requirements.com/news/2332-is-it-required-for-serbian-vending-machines-to-be-certified,52,"| Вендинг — один из четырёх типов ESIR, должен быть сертифицирован даже без принтера (материал 21.06.2023, платный) | PURS | Сертификат ESIR на решение | Производитель/поставщик платёжно-фискального р",web-archive,certification\web-archive\fiscal-requirements.com_c2483610,downloaded,
certification,certification\requirements-map.md,https://biznis.rs/vesti/fiskalizacija-problem-za-privrednike-koji-poseduju-samousluzne-automate/,53,"| 2021: операторы заявляли, что подходящих электронных фискальных устройств для автоматов нет; субсидия 100 EUR/точка + 100 EUR/устройство, заявки до 31.01.2022 (прошла) | Ministarstvo finansija, PURS",web-archive,certification\web-archive\biznis.rs_1c75ddbd,downloaded,
certification,certification\requirements-map.md,https://www.fiscal-requirements.com/news/889-new-document-was-uploaded-esir-certification,54,| Процесс сертификации ESIR (для поставщика решения): сертификационные формы на портале PURS | PURS | Certifikat ESIR | Поставщик ESIR; в Сербии должна быть зарегистрированная фирма (по пересказу для ,web-archive,certification\web-archive\fiscal-requirements.com_444aec3e,downloaded,
certification,certification\requirements-map.md,https://biznis.rs/vesti/srbija/apr-ima-nove-cene-registracija-osnivanje-firme-8-000-dinara-promena-podataka-4-000-dinara/,60,"| Регистрация юрлица (d.o.o.) или предпринимателя; только электронно, нужен кваллифицированный электронный сертификат | APR | Решение о регистрации | Оператор | Срок решения APR **не найден** (CE-12) ",web-archive,certification\web-archive\biznis.rs_df41a64b,downloaded,
certification,certification\requirements-map.md,https://www.zdravlje.gov.rs/extfile/sr/416061/Zakon%20o%20bezbednosti%20hrane.pdf,63,"| Безопасность пищи: Zakon o bezbednosti hrane («41/09, 17/19» — по названию файла и поисковой выдаче, вторичный источник, текст акта не открыт, определение «пищи» не прочитано, CE-21); новый закон о ",documents,,failed,"HTTPSConnectionPool(host='www.zdravlje.gov.rs', port=443): Max retries exceeded with url: /extfile/sr/416061/Zakon%20o%20bezbednosti%20hrane.pdf (Caused by SSLError(SSLCertVerificationError(1, '[SSL: CERTIFICATE_VERIFY_FAILED] certificate verify failed: unable to get local issuer certificate (_ssl.c:1000)')))"
certification,certification\requirements-map.md,https://biznis.rs/vesti/srbija/srbija-uvodi-novi-zakon-o-sluzbenim-kontrolama-hrane/,63,"| Безопасность пищи: Zakon o bezbednosti hrane («41/09, 17/19» — по названию файла и поисковой выдаче, вторичный источник, текст акта не открыт, определение «пищи» не прочитано, CE-21); новый закон о ",documents,certification\documents\biznis.rs_99f95372,downloaded,
certification,certification\baseline-audit.md,https://www.paragraf.rs/propisi/pravilnik-o-vrstama-merila-koja-podlezu-zakonskoj-kontroli.html,21,"- Метрология: правилник о видах мер под законным контролем — «Pravilnik o vrstama merila koja podležu zakonskoj kontroli», Sl. glasnik RS 37/2021 и 84/2022; водомеры — интервал 5 лет, системы измерени",documents,certification\documents\paragraf.rs_58908a5b.html,downloaded,
certification,certification\baseline-audit.md,https://cetecomadvanced.com/en/news/serbia-amendments-on-the-rulebook-of-emc-and-lvd/,22,"- Электро: с 01.01.2022 сербские сертификаты EMC/LVD (CoC) не обязательны, CE принимается для не-радио оборудования (номер 21/2020 — вторичный источник, текст акта не открыт) [web: https://cetecomadva",web-archive,certification\web-archive\cetecomadvanced.com_5504ae7c,downloaded,
certification,certification\baseline-audit.md,https://sanitarnaapv.vojvodina.gov.rs/1-2-primena-zakona-o-sanitarnom-nadzoru,25,"- Санитарный надзор: Zakon o sanitarnom nadzoru («125/2004» — вторичный источник, текст акта не открыт); предприниматели в объектах, подлежащих надзору, обязаны до начала работы обеспечить санитарные ",documents,certification\documents\sanitarnaapv.vojvodina.gov.rs_76a838f9,downloaded,
certification,certification\baseline-audit.md,https://www.paragraf.rs/propisi_download/zakon-o-predmetima-opste-upotrebe.pdf,26,"- Предметы общего пользования: Zakon o predmetima opšte upotrebe, Sl. glasnik RS 25/2019 и 14/2022 (подтверждено на Paragraf) [web: https://www.paragraf.rs/propisi_download/zakon-o-predmetima-opste-up",documents,certification\documents\paragraf.rs_382657d0.pdf,downloaded,
certification,certification\baseline-audit.md,https://www.paragraf.rs/propisi/pravilnik-o-materijalima-i-predmetima-u-kontaktu-sa-hranom-odojcad-i-deca.html,26,"- Предметы общего пользования: Zakon o predmetima opšte upotrebe, Sl. glasnik RS 25/2019 и 14/2022 (подтверждено на Paragraf) [web: https://www.paragraf.rs/propisi_download/zakon-o-predmetima-opste-up",documents,certification\documents\paragraf.rs_dfc63830.html,downloaded,
certification,certification\baseline-audit.md,https://biznis.rs/vesti/srbija/apr-ima-nove-cene-registracija-osnivanje-firme-8-000-dinara-promena-podataka-4-000-dinara/,27,"- Регистрация: сбор APR за регистрацию основания d.o.o. — 8 000 RSD (= 68 EUR) с 01.01.2026 (вторичный источник, страница открыта) [web: https://biznis.rs/vesti/srbija/apr-ima-nove-cene-registracija-o",web-archive,certification\web-archive\biznis.rs_df41a64b,downloaded,
sampling,sampling\program-costs.md,https://www.zjz.org.rs/wp-content/uploads/2026/08/Ценовник-воде.pdf,11,"Завод за јавно здравље Шабац (ЗЈЗ Шабац), «Ценовник воде», PDF (в URL каталог 2026/08, т.е. август 2026), цены **без налога**, динары: https://www.zjz.org.rs/wp-content/uploads/2026/08/Ценовник-воде.p",web-archive,sampling\web-archive\zjz.org.rs_fb84c1f6.pdf,downloaded,
sampling,sampling\program-costs.md,https://supply.coreandmain.com/Hach-Chlorine-Free-and-Total-Reagent-Set-DPD-5-mL-2438800,89,| Набор реагентов DPD свободный+общий хлор Hach 2438800 (100 тестов) | 64.45 USD | 6 748 | https://supply.coreandmain.com/Hach-Chlorine-Free-and-Total-Reagent-Set-DPD-5-mL-2438800 (страница открыта 20,web-archive,,failed,403 Client Error: Forbidden for url: https://supply.coreandmain.com/Hach-Chlorine-Free-and-Total-Reagent-Set-DPD-5-mL-2438800
sampling,sampling\program-costs.md,https://lioninox.com/en/products/basic-digital-thermometer,90,"| Цифровой термометр Lioninox Basic | 14.00 EUR | 1 644 | https://lioninox.com/en/products/basic-digital-thermometer (страница открыта 2026-10-08, 14,00 EUR; пригодность для замера в контейнере с проб",web-archive,sampling\web-archive\lioninox.com_30f3bd7d,downloaded,
sampling,sampling\program-costs.md,https://www.hydrotekhydroponics.com/hanna-hi98301-ppm-tester-dist-1,91,"| Тестер TDS Hanna HI98301 DiST 1 | не найдено | не определено | страница https://www.hydrotekhydroponics.com/hanna-hi98301-ppm-tester-dist-1 открыта 2026-10-08, показывает 55,18 CAD; прежняя цена 73,",certificates,sampling\certificates\hydrotekhydroponics.com_d9b9a129,downloaded,
sampling,sampling\program-costs.md,https://aio.lv/en/product--curver-159567--1028868,93,"| Термо-контейнер Curver 20 л | не найдено | не определено | страница https://aio.lv/en/product--curver-159567--1028868 при проверке 2026-10-08 вернула 403 -> цена не подтверждена, не найдено |",web-archive,,failed,403 Client Error: Forbidden for url: https://aio.lv/en/product--curver-159567--1028868
sampling,sampling\program-costs.md,https://shop.buddeberg.de/sample-preparation/sampling/sample-transport-storage/water-sample-bottles-pp/info895178_lang_uk.htm,98,Стерильная бутыль 250 мл с тиосульфатом (Buddeberg): 143.80 EUR без НДС / 171.12 EUR с НДС за 108 шт. = 1.3315 / 1.5844 EUR за шт. = 156 / 186 RSD; https://shop.buddeberg.de/sample-preparation/samplin,web-archive,sampling\web-archive\shop.buddeberg.de_1b34f808.htm,downloaded,
sampling,sampling\program-costs.md,https://www.cpiinternational.com/shop/4600-0013-colitag-test-kit-p-a-100ml-format-100-pk-7067,100,"Presence/absence-тест Colitag: 435.00 USD за 100 шт. = 455 RSD за тест; https://www.cpiinternational.com/shop/4600-0013-colitag-test-kit-p-a-100ml-format-100-pk-7067 (страница открыта 2026-10-08, 435,",certificates,sampling\certificates\cpiinternational.com_edd0f87d,downloaded,
sampling,sampling\logistics-lead-time.md,https://www.batut.org.rs/download/o%20nama/Obim%20akreditacije_Batut_od%2009_01_2026.pdf,44,"| Институт «Батут» (Центар за хигијену и хуману екологију, Др Суботића старијег 5) | аккредитация SRPS ISO/IEC 17025:2017, № 01-130, область от 09.01.2026 (в списке методов - SRPS EN ISO 6222, ISO 930",documents,sampling\documents\batut.org.rs_5c4e57a3.pdf,downloaded,
sampling,sampling\logistics-lead-time.md,https://bvk.rs/wp-content/uploads/2024/12/sanitarna-kontrola-Obim-akreditacije-2024-min.pdf,45,"| Лаборатория санитарного контроля BVK | аккредитация № 01-479 от 20.11.2024; область: **физико-химические** испытания воды (pH, электропроводность, мутность, TOC, Ca, Mg, NH4, Na) [web https://bvk.rs",documents,sampling\documents\bvk.rs_2527bb48.pdf,downloaded,
sampling,sampling\logistics-lead-time.md,https://www.super-lab.com/wp-content/uploads/fajlovi-upload/INSTITUT%20SUPERLAB--PONUDA-kompletna%202018.pdf,46,"| Institut SuperLab | аккредитация SRPS ISO/IEC 17025 № 01-447 и разрешения министерств - по брошюре 2018; адрес в брошюре - Врчин, Београдска 59; в каталоге 2023/24 - Нови Београд, М. Миланковића 25,",certificates,sampling\certificates\super-lab.com_989af7e6.pdf,downloaded,
sampling,sampling\logistics-lead-time.md,https://www.super-lab.com/wp-content/uploads/2024/03/Top_VODE-2023-24-web.pdf,46,"| Institut SuperLab | аккредитация SRPS ISO/IEC 17025 № 01-447 и разрешения министерств - по брошюре 2018; адрес в брошюре - Врчин, Београдска 59; в каталоге 2023/24 - Нови Београд, М. Миланковића 25,",certificates,sampling\certificates\super-lab.com_50c8152a.pdf,downloaded,
sampling,sampling\logistics-lead-time.md,https://www.zjz.org.rs/wp-content/uploads/2026/08/Ценовник-воде.pdf,47,"| ЗЈЗ Шабац (для ориентира цены, не поставщик: расстояние до Белграда не проверялось) | публичный прайс воды от августа 2026, цены без налога [web https://www.zjz.org.rs/wp-content/uploads/2026/08/Цен",web-archive,sampling\web-archive\zjz.org.rs_fb84c1f6.pdf,downloaded,
sampling,sampling\baseline-audit.md,https://pravno-informacioni-sistem.rs/eli/rep/sgrs/ministarstva/pravilnik/2019/28/3,7,"- Основной акт: Правилник о хигијенској исправности воде за пиће, «Сл. лист СРЈ» 42/98 и 44/99; поправки «Сл. гласник РС» 28/2019 (вступили в силу в конце апреля 2019) [web] https://pravno-informacion",documents,sampling\documents\pravno-informacioni-sistem.rs_1e9d76a2,downloaded,
sampling,sampling\baseline-audit.md,https://balkangreenenergynews.com/rs/novim-pravilnikom-o-higijenskoj-ispravnosti-vode-za-pice-povecane-dozvoljene-kolicine-amonijaka-bora-hlorida-i-natrijuma/,7,"- Основной акт: Правилник о хигијенској исправности воде за пиће, «Сл. лист СРЈ» 42/98 и 44/99; поправки «Сл. гласник РС» 28/2019 (вступили в силу в конце апреля 2019) [web] https://pravno-informacion",documents,sampling\documents\balkangreenenergynews.com_ea8501ef,downloaded,
sampling,sampling\baseline-audit.md,https://www.paragraf.rs/propisi/pravilnik-higijenskoj-ispravnosti-vode-pice.html,9,"- Виды проверок (чл. 4): А - основной, Б - периодический, В - новые водозаборы, Г - по гигиеническо-эпидемиологическим показаниям [web] https://www.paragraf.rs/propisi/pravilnik-higijenskoj-ispravnost",documents,sampling\documents\paragraf.rs_22f0159b.html,downloaded,
sampling,sampling\baseline-audit.md,https://www.paragraf.rs/propisi/pravilnik-higijenskoj-ispravnosti-vode-pice.html,15,Источник всех строк раздела: [web] https://www.paragraf.rs/propisi/pravilnik-higijenskoj-ispravnosti-vode-pice.html (сводка текста правилника с поправками 2019). **Перепроверено при аудите 2026-10-08 ,documents,sampling\documents\paragraf.rs_22f0159b.html,downloaded,
sampling,sampling\baseline-audit.md,https://knowledge.bsigroup.com/products/iso5667-5-2006-water-quality-sampling-part-5-guidance-on-sampling-of-drinking-water-from-treatment-works-and-piped-distribution-systems,56,| ISO 5667-5:2006 - отбор проб питьевой воды из водоочистных сооружений и распределительных сетей | принципы отбора питьевой воды вплоть до точки потребления; описание BSI: не охватывает источники и «,web-archive,sampling\web-archive\knowledge.bsigroup.com_85807a68,downloaded,
sampling,sampling\baseline-audit.md,https://www.iso.org/standard/33845.html,57,"| ISO 19458:2006 - отбор проб для микробиологического анализа | по описанию ISO: планирование отбора, процедуры отбора, транспорт, обращение и хранение проб до начала анализа; подтверждён ISO как акту",documents,,failed,403 Client Error: Forbidden for url: https://www.iso.org/standard/33845.html
sampling,sampling\baseline-audit.md,https://shop.buddeberg.de/,57,"| ISO 19458:2006 - отбор проб для микробиологического анализа | по описанию ISO: планирование отбора, процедуры отбора, транспорт, обращение и хранение проб до начала анализа; подтверждён ISO как акту",web-archive,sampling\web-archive\shop.buddeberg.de_3496f059,downloaded,
sampling,sampling\baseline-audit.md,https://www.zdravlje.org.rs/files/Dokumenta/Uputstvo-za-uzorkovanje-vode-2023-lat.pdf,58,"| Инструкция ГЗЈЗ Белград по отбору воды (2023) | **прочитана целиком при аудите (PDF, 1 страница, создан 27.07.2023)**: тару можно получить в ГЗЈЗ, комната 4; химия - чистая бутылка 1,5 л из-под нега",web-archive,sampling\web-archive\zdravlje.org.rs_e72f6609.pdf,downloaded,
sampling,sampling\baseline-audit.md,https://www.zdravlje.org.rs/files/Dokumenta/Uputstvo-za-uzorkovanje-vode-2023-lat.pdf,72,"| Градски завод за јавно здравље Београд (ГЗЈЗ), Булевар деспота Стефана 54а, 11000 Београд | инструкция по отбору воды (2023) - см. §3; телефоны **011/2078-605, 011/2078-606, 011/2078-636** (из самой",web-archive,sampling\web-archive\zdravlje.org.rs_e72f6609.pdf,downloaded,
sampling,sampling\baseline-audit.md,https://www.batut.org.rs/download/o%20nama/Obim%20akreditacije_Batut_od%2009_01_2026.pdf,74,"| Институт за јавно здравље Србије «Др Милан Јовановић Батут» (Центар за хигијену и хуману екологију, Др Суботића старијег 5) | аккредитация SRPS ISO/IEC 17025:2017 № 01-130, область от 09.01.2026 (за",documents,sampling\documents\batut.org.rs_5c4e57a3.pdf,downloaded,
sampling,sampling\baseline-audit.md,https://www.super-lab.com/wp-content/uploads/fajlovi-upload/INSTITUT%20SUPERLAB--PONUDA-kompletna%202018.pdf,75,"| Институт SuperLab | аккредитация SRPS ISO/IEC 17025 № 01-447 и разрешения министерств здравья и сельского хозяйства - по брошюре 2018; брошюра 2018: Врчин, Београдска 59, laboratorija@institutsuperl",certificates,sampling\certificates\super-lab.com_989af7e6.pdf,downloaded,
sampling,sampling\baseline-audit.md,https://www.super-lab.com/wp-content/uploads/2024/03/Top_VODE-2023-24-web.pdf,75,"| Институт SuperLab | аккредитация SRPS ISO/IEC 17025 № 01-447 и разрешения министерств здравья и сельского хозяйства - по брошюре 2018; брошюра 2018: Врчин, Београдска 59, laboratorija@institutsuperl",certificates,sampling\certificates\super-lab.com_50c8152a.pdf,downloaded,
sampling,sampling\baseline-audit.md,https://bvk.rs/wp-content/uploads/2024/12/sanitarna-kontrola-Obim-akreditacije-2024-min.pdf,76,"| Лаборатория санитарного контроля BVK | аккредитация SRPS ISO/IEC 17025:2017 № 01-479, область от 20.11.2024, заменяет область от 14.08.2023; **только физико-химические** испытания воды (pH, электроп",documents,sampling\documents\bvk.rs_2527bb48.pdf,downloaded,
sampling,sampling\baseline-audit.md,https://www.zjz.org.rs/wp-content/uploads/2026/08/Ценовник-воде.pdf,77,"| ЗЈЗ Шабац (**не Белград**; ~80 км) | публикует прайс на воду (см. §5.1); в прайсе указано, что часть параметров выполняет лаборатория ЗЈЗ Шабац | пригодность как поставщика не оценивалась | [web] ht",web-archive,sampling\web-archive\zjz.org.rs_fb84c1f6.pdf,downloaded,
economics,cost-estimates/blocks/GRANTS_AND_SUPPORT.md,https://biznis.rs/vesti/srbija/drzava-nudi-subvencije-do-380-000-dinara-za-samozaposljavanje-u-2026/,5,Subsidija za samozapošljavanje,web-archive,economics\web-archive\biznis.rs_51d762f6,downloaded,
economics,cost-estimates/blocks/GRANTS_AND_SUPPORT.md,https://biznis.rs/vesti/srbija/drzava-daje-do-18-miliona-dinara-povratnicima-iz-inostranstva-za-pokretanje-i-razvoj-biznisa/,6,Vrati se i stvaraj,web-archive,economics\web-archive\biznis.rs_38181cf9,downloaded,
economics,cost-estimates/blocks/GRANTS_AND_SUPPORT.md,https://ras.gov.rs/javni-poziv-program-kapital-za-razvoj,7,Kapital za razvoj,documents,economics\documents\ras.gov.rs_f448816b,downloaded,
economics,cost-estimates/blocks/GRANTS_AND_SUPPORT.md,https://www.podunavlje.info/dir/2026/10/08/produzen-rok-za-subvencionisane-kredite-do-30-novembra/,7,Kapital za razvoj deadline,web-archive,economics\web-archive\podunavlje.info_9e6d3b65,downloaded,
economics,cost-estimates/blocks/GRANTS_AND_SUPPORT.md,https://naled.rs/en/vest-jos-pola-miliona-dolara-za-inovacije-otvoren-novi-startech-konkurs-10575,8,StarTech,web-archive,economics\web-archive\naled.rs_8eb71cdc,downloaded,
economics,cost-estimates/blocks/GRANTS_AND_SUPPORT.md,https://biznis.rs/preduzetnik/za-razvoj-inovativnih-ideja-do-54-miliona-dinara-po-projektu/,9,Smart Start,web-archive,economics\web-archive\biznis.rs_2f51ef98,downloaded,
economics,cost-estimates/blocks/GRANTS_AND_SUPPORT.md,https://biznis.kurir.rs/info-biz/9976926/predstavljen-program-za-pocetnike-u-poslovanju,10,Program for business starters,web-archive,economics\web-archive\biznis.kurir.rs_ec4c5fb3,downloaded,
